backstagewithmillionaires#backstagewithmillionaires@gmail.com
lesics#sabin@lesics.com
LockPickingLawyer#LockPickingLawyer@gmail.com
nightmedia#mrwhosetheboss@nightmedia.co
standard#techaltar@standard.tv
standard#wendover@standard.tv
tonyseba#speaker@tonyseba.com
nasdaily#hello@nasdaily.com
howtocreative#info@howtocreative.com
insider#permissions@insider.com
writetothinkschool#writetothinkschool@gmail.com
vox#voxvideo@vox.com
andymation#support@andymation.com
sixteenth#aliabdaal@sixteenth.co
thesoul-publishing#brands@thesoul-publishing.com
datamotionyt#datamotionyt@gmail.com
coldfusioncollective#dagogo@coldfusioncollective.com
business.geographyish#business.geographyish@gmail.com
clicksocial#john@clicksocial.uk
felixtax69#felixtax69@gmail.com
tticopyright311#tticopyright311@gmail.com
t10ytcont#t10ytcont@gmail.com
MostAmazingTop10#MostAmazingTop10@gmail.com
drtop10mail#drtop10mail@gmail.com
reynero999#reynero999@gmail.com
linktomedia#info@linktomedia.com
top10archive#top10archive@gmail.com
thierrymt2022#thierrymt2022@gmail.com
Top10NerdChannel#Top10NerdChannel@gmail.com
takaliteratopten#takaliteratopten@gmail.co
top10beyondthescreen#top10beyondthescreen@gmail.com
top5pickschannel#top5pickschannel@gmail.com
Top5BestMGMT#Top5BestMGMT@gmail.com
viralnationtalent#top5unknowns@viralnationtalent.com
billnoseinfo#billnoseinfo@gmail.com
visionsdigital#business@visionsdigital.com
crashcourse#info@crashcourse.tv
theschooloflife#shop@theschooloflife.com
veritasium#veritasium@gmail.com
ri#licensing@ri.ac.uk
kurzgesagt#business@kurzgesagt.org
vsauce#Business@vsauce.com
settebelloentertainment#bashley@settebelloentertainment.com
davidlynch#sabrina@davidlynch.com
zimonitrome#zimonitrome@gmail.com
aol#allinaday@aol.com
standupmaths#matt@standupmaths.com
ri#richannel@ri.ac.uk
thecuriouspodyt#thecuriouspodyt@gmail.com
jasongoodisondevelopment#jasongoodisondevelopment@gmail.com
night#isaiahphoto@night.co
itsokaytobesmart#itsokaytobesmart@gmail.com
casualnavigation#youtube@casualnavigation.com
kqed#science@kqed.org
BackyardScientistBusiness#BackyardScientistBusiness@gmail.com
novagrossscience#novagrossscience@gmail.com
minuteearth#minuteearth@gmail.com
mattdavella#matt@mattdavella.com
motivationmadness#team@motivationmadness.com
singhinusa#hello@singhinusa.com
zigguratxyz#greatartexplained@zigguratxyz.com
thecanvascontact#thecanvascontact@gmail.com
Better.Than.Business#Better.Than.Business@gmail.com
beinspiredmanager#beinspiredmanager@gmail.com
elonmedia#info@elonmedia.com
grantdvs1#grantdvs1@gmail.com
acquisition#collab@acquisition.com
piximperfect#unmesh@piximperfect.com
niktekchannel#niktekchannel@gmail.com
pwlcapital#amontagano@pwlcapital.com
polyfjord#brands@polyfjord.com
qz#hi@qz.com
kalletech#Contact@kalletech.com
jdh#jdh@jdh.gg
unnecessaryinventions#hi@unnecessaryinventions.com
thebrettlange#thebrettlange@gmail.com
the.motivation.donor#the.motivation.donor@gmail.com
linusmediagroup#info@linusmediagroup.com
thedrvn#business@thedrvn.co
codenoodles844inquiry#codenoodles844inquiry@gmail.com
ranker#videoinquiries@ranker.com
larsvdpeet#larsvdpeet@gmail.com
simonsfoundation#quanta@simonsfoundation.org
bigbrainco#contact@bigbrainco.com
topluxuryinfo#topluxuryinfo@gmail.com
destiny.space.official#destiny.space.official@gmail.com
tomscott#tom@tomscott.com
spacestation#Chrisramsay@spacestation.com
GarandThumbActual#GarandThumbActual@gmail.com
forgottenweapons#admin@forgottenweapons.com
demolitionranch#jenna@demolitionranch.com
investorbusinessinquiries#investorbusinessinquiries@gmail.com
cnckitchen#contact@cnckitchen.com
standard#neo@standard.tv
concurrentstudios#contactmichael@concurrentstudios.com
craftedworkshop#craftedworkshop@influint.co
babishculinaryuniverse#bingingwithbabish@gmail.com
creatorinsider#creator-insider-channel@google.com
LetsGetThisOutOntoATrayNice#steve1989mreinfo@yahoo.com
JustKiddingFilms#justkiddingfilms@gmail.com
AprilWilkerson#aprilwpartner@gmail.com
TheStraightPipes#thestraightpipes@gmail.com
NorthoftheBorder#notbcraftworks@gmail.com
ExploringAlternatives#danielle.is.exploring@gmail.com
Channel5YouTube#andrew@channel5.news
ArloStuff#fuzzaboom@gmail.com
kylehill#sciencebasedlife@gmail.com
braincraft#hello@braincraft.tv
mylifeaseva#evagutowski@gmail.com
HistoryMarche#business@historymarche.com
DoctorMike#DoctorMikeMedia@Gmail.com
GoodMythicalMorning#business@mythical.com
ChineseCookingDemystified#steph.ccd@gmail.com
lucymoon#james@freefocus.co.uk
TheKingofRandom#business@tkor.tv
TonyAndChelsea#tony@northrup.org
besmart#itsokaytobesmart@gmail.com
integza#integza@gmail.com
XpressTV#listasxpress10@gmail.com
MikeyBolts#mikeybolts@gmail.com
theartofphotography#studio@tedforbes.com
PotatoJet#gene@secondlightcreative.com
iFixitYourself#michael@ifixit.com
rickydillon#rickydilloncontact@gmail.com
halfasinteresting#sam@halfasinteresting.com
TheTrapstepMedia#TheeTrapstepMedia@gmail.com
chrisbarros#info@imchrisbarros.com
simonegiertz#lukegirgis@belikechildren.com
KongPham#support@jumpcut.com
Katimorton#linnea@underscoretalent.com
lifenoggin#james.hale@lifespan.io
JoblessGarrett#JoblessGamers@Gmail.com
UnPocoDeTodoYT#contactUPDT@gmail.com
MrBossFTW#MrBossFTWBusiness@gmail.com
drali#ali@thepsychshow.com
AdrianPreda#ady.prd@gmail.com
Knowledgia#infoknowledgia@gmail.com
tested#tips@tested.com
laurakampf#info@laurakampf.com
MichelleKhare#michellekhare+business@gmail.com
pursuit.wonder.media#pursuit.wonder.media@gmail.com
kshalinder03#kshalinder03@gmail.com
chickengenius4#chickengenius4@gmail.com
jhariharan72#jhariharan72@gmail.com
dhruvrathee#contact@dhruvrathee.com
basedzeus#zeus@basedzeus.com
jordanwelchbusiness#jordanwelchbusiness@gmail.com
standard#reallifelore@standard.tv
#kori.sarian@hotmail.com
viralnationtalent#zackdfilms@viralnationtalent.com
drewbinsky#partnerships@drewbinsky.com
engadget#tips@engadget.com
bravewilderness#contact@bravewilderness.com
scienceabc#admin@scienceabc.com
mozmail#ilti08fcr@mozmail.com
sbuttermore25#sbuttermore25@gmail.com
aaronmarino#info@aaronmarino.com
wow.stories.reklama#wow.stories.reklama@gmail.com
DailyMotivation#DAILY.MOTIVATION_CONTACT@YAHOO.COM
jimmyjoetube#jimmyjoetube@gmail.com
delkatalents#mike@delkatalents.com
mindsetmentorbiz#mindsetmentorbiz@gmail.com
theproactivethinker#admin@theproactivethinker.com

---------New__________
--- 20-02-2023 ---
PowerCertAnimatedVideos#PowerCertBusiness@gmail.com
tailopez#tai@tailopez.com
drekberg#DrStenEkberg@gmail.com
DrEricBergDC#genbusiness@drberg.com
gillianzperkins#partnerships@gillianperkins.com
DustyPorter#dusty@dustyporter.com
DOSEofFOUSEY#YousefSErakat@Gmail.com 
jakepaul#brands@jakepaul.com       
BitBoyCryptoChannel#Marketing@BitBoyCrypto.com
Drivetribe#commercial@drivetribe.com
Authentista#adelleramcharan@yahoo.com
JamieFenn#contact.fenn@gmail.com
WhatIveLearned#joseph.everett.wil@gmail.com
flavcity#bobby@flavcity.com
Taskmaster#management@avalonuk.com
betterideas#sponsors@betterideas.com
RobertoBlake#info@robertoblake.com
TheBetterMenProject#Bettermanacrosstheworld@gmail.com
ChronicleLiving#ChronicleLivingBusiness@gmail.com
answerinprogress#answerinprogress@gmail.com
ToPProjectsCompilation#tpcinfo2018@gmail.com
blungo#hello@blungo.com
FromHeretoThere#theironmango@gmail.com
escapelectures#camdz.fx@gmail.com
KyleNutt#KyleNutt@addition-llc.com
scottmanley#scottmanley1972@gmail.com
primalspace#spaceprimal@gmail.com
MasculineMan#masculinemanofficial@gmail.com
AmyShiraTeitel#amyteitelassistant@gmail.com
IHincognitoMode#historianoftheinternet@gmail.com
videogamedunkey#dunkeyscastle@outlook.com
LowBudgetStories#lowbudgetstory@gmail.com
bigthink#info@bigthink.com
CuriousMuse#hello@curiousmuse.org
ProjectElon#info@elonmedia.com
PWA#pixelwolfanimation@gmail.com
OddCompass#oddcompasshistory@gmail.com
KumaarFamily#kumaarfamily@gmail.com
TheStradman#thestradman@hotmail.com
Proximity#blake@prxmusic.com
DarrenTang#tangbowling@gmail.com
FREENVESTING#info@freenvesting.com
watchmedia9658#watchmedia@watchnetwork.co.uk
kiera#Kierabridget9@gmail.com
Caylus#Caylus@EllifyAgency.com
Coffeezilla#coffeebreaks42@gmail.com
MrBeast#contact@mrbeastbusiness.com
BisboWorld#gobisbo@gmail.com
Hyram#info@skincarebyhyram.com
DoctorMike#DoctorMikeMedia@Gmail.com
Thomasfrank#thomasfrank@standard.tv
WHATSINSIDEFAMILY#dan@whatsinside.it
krispykarim.#krispykstuff@gmail.com
MikeShake#mike@delkatalents.com
VideoWaliSarkar1#business@videowalisarkar.com
TheSecretMindset#office@thesecretmindset.com
EngineeringMindset#info@theengineeringmindset.com
MinorityMindset#team@theminoritymindset.com
Tifo#tifo@theathletic.com
FuturologyChannel#futurology@lighthouseagents.com
joescott#joescott@standard.tv
realscience#realscience@standard.tv
RealEngineering#realengineering@standard.tv
ARTiculations#articulationsvlog@gmail.com
simonegiertz#lukegirgis@belikechildren.com
goldieblox#info@goldieblox.com
GabrielaBee#ehbeemail@gmail.com
Whataboutit#whataboutit.contact@gmail.com
WorldAffairsEnglish#help@unacademy.com
HalfAsleepChris#halfasleepchris@gmail.com
TheMercifulServant#themercifulservant@gmail.com
TheProphetsPath#theprophetspath@gmail.com
GxAce#casey.cava@gmail.com
bigthink#info@bigthink.com
GZEROMedia#info@gzeromedia.com
creatorinsider#creator-insider-channel@google.com
RobsAquaponics#rb@bitsouttheback.net
freethink#community@freethink.com
Cottereau1#cottereau1789@gmail.com
MountainRugCleaning#info@mountainrugcleaning.co.uk
AbroadinJapan#talent@tokyocreative.jp
MiddleEats#MiddleEats@solaromgmt.com
beextravegant#beextravegant@gmail.com
letsKWOOWK#kwoowk@oddprojects.com
ChineseCookingDemystified#steph.ccd@gmail.com
allrecipes#alrcustserv@cdsfulfillment.com
ochikeron#ochikeron@web.so-net.jp
bethanymota#DigitalBethanyMotaTeam@unitedtalent.com
StevenSchapiro#stevenrschapiro@gmail.com
TheStradman#thestradman@hotmail.com
alexnino_#laylanicolenino@gmail.com
dannydamianphoto#DannyDamianPhotos@gmail.com
Oddprojects#gingerpale@oddprojects.com
TechWithTim#techwithtim@viralnationtalent.com
Harrison#harrison@pythonprogramming.net
shylander#shylander24@gmail.com
tharun#spanishkidstime@gmail.com
tharun#telugukidstime@gmail.com
tharun#tamilkidstime.co@gmail.com
hindikidstime#hindikidstime@gmail.com
gujaratikidstime#gujaratikidstime@gmail.com
marathikidstime#marathikidstime@gmail.com
malayalamkidstime#malayalamkidstime@gmail.com
begalikidstime#begalikidstime@gmail.com
kannadakidstime#kannadakidstime@gmail.com
yuvarajdharmaraj#yuvarajdharmaraj@gmail.com
tharun#tharund@student.tce.edu
twenty1stcenturyman#twenty1stcenturyman@gmail.com
fiverryuvaraj#fiverryuvaraj@gmail.com
fiverrtharun#fiverrtharun@gmail.com
thirumalai#laksh81dr@gmail.com
tharun#yuvarajdharmaraj@gmail.com
thirumalai#malaithiru370@gmail.com
thirumalai#thirumalai@student.tce.edu

