https://youtube.com/@GxAce/about#casey.cava@gmail.com
https://youtube.com/@bigthink/about#info@bigthink.com
https://youtube.com/@GZEROMedia/about#info@gzeromedia.com
https://youtube.com/@creatorinsider/about#creator-insider-channel@google.com
https://youtube.com/@RobsAquaponics/about#rb@bitsouttheback.net
https://youtube.com/@freethink/about#community@freethink.com
https://youtube.com/@Cottereau1/about#cottereau1789@gmail.com
https://youtube.com/@MountainRugCleaning/about#info@mountainrugcleaning.co.uk
https://youtube.com/@AbroadinJapan/about#talent@tokyocreative.jp
https://youtube.com/@MiddleEats/about#MiddleEats@solaromgmt.com
https://youtube.com/@beextravegant/about#beextravegant@gmail.com
https://youtube.com/@letsKWOOWK/about#kwoowk@oddprojects.com
https://youtube.com/@ChineseCookingDemystified/about#steph.ccd@gmail.com
https://youtube.com/@allrecipes/about#alrcustserv@cdsfulfillment.com
https://youtube.com/@ochikeron/about#ochikeron@web.so-net.jp
https://youtube.com/@bethanymota/about#DigitalBethanyMotaTeam@unitedtalent.com
https://youtube.com/@StevenSchapiro/about#stevenrschapiro@gmail.com
https://youtube.com/@TheStradman/about#thestradman@hotmail.com
https://youtube.com/@alexnino_/about#laylanicolenino@gmail.com
https://youtube.com/@dannydamianphoto/about#DannyDamianPhotos@gmail.com
https://youtube.com/@mythicalbits/about#business@mythical.com
